{"loss": [1.1362874507904053, 0.35056623816490173, 0.2159682959318161, 0.14628209173679352, 0.11138302832841873, 0.08996596187353134, 0.07459725439548492, 0.06221446394920349, 0.05527382716536522, 0.04869358241558075], "accuracy": [0.6645707488059998, 0.8874173164367676, 0.9294828772544861, 0.9519169330596924, 0.9630272388458252, 0.9696706533432007, 0.97472083568573, 0.9789316654205322, 0.9815207123756409, 0.984280526638031], "val_loss": [0.4450744688510895, 0.24198462069034576, 0.15459445118904114, 0.14120876789093018, 0.13194119930267334, 0.09571193158626556, 0.2120625078678131, 0.13241685926914215, 0.08968611061573029, 0.15575367212295532], "val_accuracy": [0.860971987247467, 0.919360339641571, 0.9492943286895752, 0.9550990462303162, 0.9566924571990967, 0.9682449102401733, 0.9325631856918335, 0.9591964483261108, 0.9698953032493591, 0.9566355347633362]}